{"cameraMode":{"drawMode":0,"name":"Shaded","section":"Shading Mode"},"sceneLighting":true,"audioPlay":false,"sceneViewState":{"m_AlwaysRefresh":false,"showFog":true,"showSkybox":true,"showFlares":true,"showImageEffects":true,"showParticleSystems":true,"showVisualEffectGraphs":true,"m_FxEnabled":true},"in2DMode":false,"pivot":{"x":-0.23750907182693482,"y":1.0874013900756837,"z":-1.623117446899414},"rotation":{"x":-0.0868869200348854,"y":-0.011658663861453534,"z":0.001019923249259591,"w":-0.9961695075035095},"size":0.2508937418460846,"orthographic":false}